<?xml version="1.0" encoding="UTF-8"?>
<beans xmlns="http://www.springframework.org/schema/beans"
       xmlns:xsi="http://www.w3.org/2001/XMLSchema-instance"
       xmlns:context="http://www.springframework.org/schema/context"
       xmlns:tx="http://www.springframework.org/schema/tx"
       xmlns:jpa="http://www.springframework.org/schema/data/jpa"
       xsi:schemaLocation="http://www.springframework.org/schema/beans
       http://www.springframework.org/schema/beans/spring-beans.xsd
       http://www.springframework.org/schema/context
       https://www.springframework.org/schema/context/spring-context.xsd
       http://www.springframework.org/schema/tx http://www.springframework.org/schema/tx/spring-tx.xsd
       http://www.springframework.org/schema/data/jpa http://www.springframework.org/schema/data/jpa/spring-jpa.xsd http://www.springframework.org/schema/mvc https://www.springframework.org/schema/mvc/spring-mvc.xsd">

    <context:component-scan base-package="com.greatlearning.twitterapp"/>

    <bean id="datasource" class="org.apache.commons.dbcp2.BasicDataSource">
        <property name="driverClassName" value="com.mysql.cj.jdbc.Driver"/>
        <property name="username" value="root"/>
        <property name="password" value="ajuanu"/>
        <property name="url" value="jdbc:mysql://localhost:3306/twitter_db"/>
    </bean>

    <bean id="emf" class="org.springframework.orm.jpa.LocalContainerEntityManagerFactoryBean">
        <property name="packagesToScan" value="com.greatlearning.twitterapp.model" />
        <property name="dataSource" ref="datasource" />
        <property name="jpaProperties">
            <props>
                <prop key="hibernate.show_sql">false</prop>
                <prop key="hibernate.format_sql">true</prop>
                <prop key="hibernate.hbm2ddl.auto">update</prop>
                <prop key="hibernate.dialect">org.hibernate.dialect.MySQL57Dialect</prop>
            </props>
        </property>
        <property name="persistenceProvider">
            <bean class="org.hibernate.jpa.HibernatePersistenceProvider"></bean>
        </property>
    </bean>
    
    <jpa:repositories base-package="com.greatlearning.twitterapp.repository" entity-manager-factory-ref="emf" />
    
    <bean id="transactionManager" class="org.springframework.orm.jpa.JpaTransactionManager" >
        <property name="dataSource" ref="datasource"/>
    </bean>

	<tx:annotation-driven />
</beans>